id,full_name,email,phone,role,is_approved,created_at
a1eebc99-9c0b-4ef8-bb6d-6bb9bd380a11,Teacher One,teacher1@example.com,+1234567801,teacher,true,2026-05-04T10:00:00Z
a2eebc99-9c0b-4ef8-bb6d-6bb9bd380a12,Teacher Two,teacher2@example.com,+1234567802,teacher,false,2026-05-04T10:00:00Z
a3eebc99-9c0b-4ef8-bb6d-6bb9bd380a13,Teacher Three,teacher3@example.com,+1234567803,teacher,true,2026-05-04T10:00:00Z
b1eebc99-9c0b-4ef8-bb6d-6bb9bd380b11,Student One,student1@example.com,+1234567811,candidate,true,2026-05-04T10:00:00Z
b2eebc99-9c0b-4ef8-bb6d-6bb9bd380b12,Student Two,student2@example.com,+1234567812,candidate,true,2026-05-04T10:00:00Z
b3eebc99-9c0b-4ef8-bb6d-6bb9bd380b13,Student Three,student3@example.com,+1234567813,candidate,true,2026-05-04T10:00:00Z
c1eebc99-9c0b-4ef8-bb6d-6bb9bd380c11,Parent One,parent1@example.com,+1234567821,parent,true,2026-05-04T10:00:00Z
c2eebc99-9c0b-4ef8-bb6d-6bb9bd380c12,Parent Two,parent2@example.com,+1234567822,parent,true,2026-05-04T10:00:00Z
c3eebc99-9c0b-4ef8-bb6d-6bb9bd380c13,Parent Three,parent3@example.com,+1234567823,parent,true,2026-05-04T10:00:00Z
d1eebc99-9c0b-4ef8-bb6d-6bb9bd380d11,Admin User,admin@example.com,+1234567831,admin,true,2026-05-04T10:00:00Z
e1eebc99-9c0b-4ef8-bb6d-6bb9bd380e11,User Eleven,u11@example.com,+1234567841,candidate,true,2026-05-04T10:00:00Z
e2eebc99-9c0b-4ef8-bb6d-6bb9bd380e12,User Twelve,u12@example.com,+1234567842,teacher,true,2026-05-04T10:00:00Z
e3eebc99-9c0b-4ef8-bb6d-6bb9bd380e13,User Thirteen,u13@example.com,+1234567843,parent,true,2026-05-04T10:00:00Z
f1eebc99-9c0b-4ef8-bb6d-6bb9bd380f11,User Fourteen,u14@example.com,+1234567844,candidate,true,2026-05-04T10:00:00Z
f2eebc99-9c0b-4ef8-bb6d-6bb9bd380f12,User Fifteen,u15@example.com,+1234567845,teacher,false,2026-05-04T10:00:00Z
f3eebc99-9c0b-4ef8-bb6d-6bb9bd380f13,User Sixteen,u16@example.com,+1234567846,parent,true,2026-05-04T10:00:00Z
g1eebc99-9c0b-4ef8-bb6d-6bb9bd380g11,User Seventeen,u17@example.com,+1234567847,candidate,true,2026-05-04T10:00:00Z
g2eebc99-9c0b-4ef8-bb6d-6bb9bd380g12,User Eighteen,u18@example.com,+1234567848,teacher,true,2026-05-04T10:00:00Z
g3eebc99-9c0b-4ef8-bb6d-6bb9bd380g13,User Nineteen,u19@example.com,+1234567849,parent,true,2026-05-04T10:00:00Z
h1eebc99-9c0b-4ef8-bb6d-6bb9bd380h11,User Twenty,u20@example.com,+1234567850,candidate,true,2026-05-04T10:00:00Z
h2eebc99-9c0b-4ef8-bb6d-6bb9bd380h12,User Twenty One,u21@example.com,+1234567851,teacher,false,2026-05-04T10:00:00Z
h3eebc99-9c0b-4ef8-bb6d-6bb9bd380h13,User Twenty Two,u22@example.com,+1234567852,parent,true,2026-05-04T10:00:00Z
i1eebc99-9c0b-4ef8-bb6d-6bb9bd380i11,User Twenty Three,u23@example.com,+1234567853,candidate,true,2026-05-04T10:00:00Z
i2eebc99-9c0b-4ef8-bb6d-6bb9bd380i12,User Twenty Four,u24@example.com,+1234567854,teacher,true,2026-05-04T10:00:00Z
i3eebc99-9c0b-4ef8-bb6d-6bb9bd380i13,User Twenty Five,u25@example.com,+1234567855,parent,true,2026-05-04T10:00:00Z
j1eebc99-9c0b-4ef8-bb6d-6bb9bd380j11,User Twenty Six,u26@example.com,+1234567856,candidate,true,2026-05-04T10:00:00Z
j2eebc99-9c0b-4ef8-bb6d-6bb9bd380j12,User Twenty Seven,u27@example.com,+1234567857,teacher,false,2026-05-04T10:00:00Z
j3eebc99-9c0b-4ef8-bb6d-6bb9bd380j13,User Twenty Eight,u28@example.com,+1234567858,parent,true,2026-05-04T10:00:00Z
k1eebc99-9c0b-4ef8-bb6d-6bb9bd380k11,User Twenty Nine,u29@example.com,+1234567859,candidate,true,2026-05-04T10:00:00Z
k2eebc99-9c0b-4ef8-bb6d-6bb9bd380k12,User Thirty,u30@example.com,+1234567860,teacher,true,2026-05-04T10:00:00Z
k3eebc99-9c0b-4ef8-bb6d-6bb9bd380k13,User Thirty One,u31@example.com,+1234567861,parent,true,2026-05-04T10:00:00Z
l1eebc99-9c0b-4ef8-bb6d-6bb9bd380l11,User Thirty Two,u32@example.com,+1234567862,candidate,true,2026-05-04T10:00:00Z
l2eebc99-9c0b-4ef8-bb6d-6bb9bd380l12,User Thirty Three,u33@example.com,+1234567863,teacher,false,2026-05-04T10:00:00Z
l3eebc99-9c0b-4ef8-bb6d-6bb9bd380l13,User Thirty Four,u34@example.com,+1234567864,parent,true,2026-05-04T10:00:00Z
m1eebc99-9c0b-4ef8-bb6d-6bb9bd380m11,User Thirty Five,u35@example.com,+1234567865,candidate,true,2026-05-04T10:00:00Z
m2eebc99-9c0b-4ef8-bb6d-6bb9bd380m12,User Thirty Six,u36@example.com,+1234567866,teacher,true,2026-05-04T10:00:00Z
m3eebc99-9c0b-4ef8-bb6d-6bb9bd380m13,User Thirty Seven,u37@example.com,+1234567867,parent,true,2026-05-04T10:00:00Z
n1eebc99-9c0b-4ef8-bb6d-6bb9bd380n11,User Thirty Eight,u38@example.com,+1234567868,candidate,true,2026-05-04T10:00:00Z
n2eebc99-9c0b-4ef8-bb6d-6bb9bd380n12,User Thirty Nine,u39@example.com,+1234567869,teacher,false,2026-05-04T10:00:00Z
n3eebc99-9c0b-4ef8-bb6d-6bb9bd380n13,User Forty,u40@example.com,+1234567870,parent,true,2026-05-04T10:00:00Z
o1eebc99-9c0b-4ef8-bb6d-6bb9bd380o11,User Forty One,u41@example.com,+1234567871,candidate,true,2026-05-04T10:00:00Z
o2eebc99-9c0b-4ef8-bb6d-6bb9bd380o12,User Forty Two,u42@example.com,+1234567872,teacher,true,2026-05-04T10:00:00Z
o3eebc99-9c0b-4ef8-bb6d-6bb9bd380o13,User Forty Three,u43@example.com,+1234567873,parent,true,2026-05-04T10:00:00Z
p1eebc99-9c0b-4ef8-bb6d-6bb9bd380p11,User Forty Four,u44@example.com,+1234567874,candidate,true,2026-05-04T10:00:00Z
p2eebc99-9c0b-4ef8-bb6d-6bb9bd380p12,User Forty Five,u45@example.com,+1234567875,teacher,false,2026-05-04T10:00:00Z
p3eebc99-9c0b-4ef8-bb6d-6bb9bd380p13,User Forty Six,u46@example.com,+1234567876,parent,true,2026-05-04T10:00:00Z
